,Custo Transporte,Emissão Transporte
0,11718513.045869999,816805.4868100047
