,Custo Transporte,Emissão Transporte
0,7961368.114762664,223574.0714942388
