,Custo Transporte,Emissão Transporte
0,15014.786363000003,142142.17829125337
