,Custo Transporte,Emissão Transporte
0,910385240.1620948,14018413.608228374
1,102355706.97332376,622728.5605535451
2,303407.7487240184,3726.300429879898
3,18006711.932922523,182320.5936611964
4,81877115.83460514,842856.7793579805
5,821757.0077594303,21817.29949385127
6,2620212.0437488398,20539.000122106667
7,330420609.92334247,2887000.3088731635
8,1590300701.9770947,27416910.783833485
