,Custo Transporte,Emissão Transporte
0,811359533.2285396,5417581.232918974
