,Custo Transporte,Emissão Transporte
3,18006711.932922523,182320.5936611964
7,330420609.92334247,2887000.3088731635
