,Custo Transporte,Emissão Transporte
1,18006711.932922523,182320.5936611964
2,330420609.92334247,2887000.3088731635
3,70162344.11546266,603679.3284888882
4,3993910.199516653,107136.97837839363
5,killed, killed
6,811359533.2285396,5417581.232918974

